{
  "typing_time": {
    "precision": 1.0,
    "recall": 1.0,
    "f1-score": 1.0,
    "support": 609,
    "confused_with": {}
  },
  "greet": {
    "precision": 0.75,
    "recall": 0.6923076923076923,
    "f1-score": 0.7199999999999999,
    "support": 13,
    "confused_with": {
      "typing_unit": 1,
      "typing_category": 1
    }
  },
  "goodbye": {
    "precision": 0.5555555555555556,
    "recall": 0.45454545454545453,
    "f1-score": 0.5,
    "support": 11,
    "confused_with": {
      "greet": 2,
      "typing_unit": 1
    }
  },
  "mood_great": {
    "precision": 0.6470588235294118,
    "recall": 0.7857142857142857,
    "f1-score": 0.7096774193548386,
    "support": 14,
    "confused_with": {
      "mood_unhappy": 3
    }
  },
  "dayM_to_dayM": {
    "precision": 0.9961685823754789,
    "recall": 1.0,
    "f1-score": 0.9980806142034548,
    "support": 260,
    "confused_with": {}
  },
  "typing_type": {
    "precision": 0.9545454545454546,
    "recall": 0.875,
    "f1-score": 0.9130434782608695,
    "support": 24,
    "confused_with": {
      "typing_unit": 1,
      "typing_category_type": 1
    }
  },
  "typing_unit": {
    "precision": 0.9820359281437125,
    "recall": 1.0,
    "f1-score": 0.9909365558912386,
    "support": 164,
    "confused_with": {}
  },
  "typing_category": {
    "precision": 0.3333333333333333,
    "recall": 0.14285714285714285,
    "f1-score": 0.2,
    "support": 7,
    "confused_with": {
      "typing_category_type": 4,
      "deny": 1
    }
  },
  "affirm": {
    "precision": 1.0,
    "recall": 0.16666666666666666,
    "f1-score": 0.2857142857142857,
    "support": 6,
    "confused_with": {
      "mood_great": 2,
      "goodbye": 2,
      "greet": 1
    }
  },
  "mood_unhappy": {
    "precision": 0.6,
    "recall": 0.6428571428571429,
    "f1-score": 0.6206896551724138,
    "support": 14,
    "confused_with": {
      "mood_great": 3,
      "goodbye": 1
    }
  },
  "deny": {
    "precision": 0.625,
    "recall": 0.7142857142857143,
    "f1-score": 0.6666666666666666,
    "support": 7,
    "confused_with": {
      "mood_unhappy": 2
    }
  },
  "typing_category_type": {
    "precision": 0.8275862068965517,
    "recall": 1.0,
    "f1-score": 0.9056603773584906,
    "support": 24,
    "confused_with": {}
  },
  "accuracy": 0.9705117085862967,
  "macro avg": {
    "precision": 0.7726069903649582,
    "recall": 0.706186174936175,
    "f1-score": 0.7092057543851883,
    "support": 1153
  },
  "weighted avg": {
    "precision": 0.9695205129936322,
    "recall": 0.9705117085862967,
    "f1-score": 0.9678486893480138,
    "support": 1153
  }
}